MejbOFk7H6c,OK Go,Needing/Getting,Alternative Rock,2012
nHlJODYBLKs,OK Go,White Knuckles,Alternative Rock,2010
UJKythlXAIY,OK Go,This Too Shall Pass,Alternative Rock,2010
YJVmu6yttiw,Skrillex,Bangarang,Electronic,2012
2cXDgFwE13g,Skrillex,First of the Year (Equinox),Electronic,2011
h7ArUgxtlJs,deadmau5,Ghosts N Stuff,Electronic,2009
Hr2Bc5qMhE4,deadmau5,Professional Griefers,Electronic,2012
YJVmu6yttiw,Skrillex,Bangarang,Electronic,2012
2cXDgFwE13g,Skrillex,First of the Year (Equinox),Electronic,2011
h7ArUgxtlJs,deadmau5,Ghosts N Stuff,Electronic,2009
Hr2Bc5qMhE4,deadmau5,Professional Griefers,Electronic,2012
YJVmu6yttiw,Skrillex,Bangarang,Electronic,2012
2cXDgFwE13g,Skrillex,First of the Year (Equinox),Electronic,2011
h7ArUgxtlJs,deadmau5,Ghosts N Stuff,Electronic,2009
Hr2Bc5qMhE4,deadmau5,Professional Griefers,Electronic,2012